Job_Title,Company,Location,Link,Source
"Associate/Analyst, Rabat",Future Opportunities,Rabat,https://ma.indeed.com/rc/clk?jk=d7d952d50b9a0689&bb=HOKJ9Ws0wO_Eh7C8SCsnJ7gcueG-NcxfDZbc55FHRJvPPNnhs4eE4_HDm-uqeKJX1E99zgc_PR-AaBmZzWUxpt8QEyQP671PPcngQVHKMmBFtOsxDukkJuIiXRsfNvTdAXyabyZlRsg00iwkfw7D2A%3D%3D&xkcb=SoAe67M3s0NNTjz7tZ0KbzkdCdPP&fccid=a2e6b8137a64734b&vjs=3,Indeed
Responsible AI & Business Analyst (F/H/X),Syensqo,Casablanca,https://ma.indeed.com/rc/clk?jk=bc92a22ecb3b0877&bb=HOKJ9Ws0wO_Eh7C8SCsnJ9EAA7Sy7uL4P6MxEANACQHYFbyaNM1CC3happhiydqNww9s7Gq2N5N79DaCRMQRjvIekvE65ziez7WAfBJ-F0-V8K-o1oFi3VbPKs0F2s_IyTz-v9oiL4wHMOkWtOlapQ%3D%3D&xkcb=SoCD67M3s0NNTjz7tZ0JbzkdCdPP&fccid=0354b461c4536ec9&vjs=3,Indeed
Business Data Analyst (H/F) - Rabat,Sorec,Rabat,https://ma.indeed.com/rc/clk?jk=26259b1702f89625&bb=HOKJ9Ws0wO_Eh7C8SCsnJ6gmwUgOqWZm-weyLurVLfAr23VjbSdCyLsNhu4pS0gOHXmRIw-0EoCzhxcuRuy-fOjJZ7TpeXM11wClIWdM40YUgYGVel9COPh5B-bBpABP3loSgwbHa938VsBPVq6ljQ%3D%3D&xkcb=SoA367M3s0NNTjz7tZ0IbzkdCdPP&fccid=243ec0873cd11507&vjs=3,Indeed
Stagiaire en Data Analyst Télécom (H/F),SOFRECOM MAROC,Rabat,https://ma.indeed.com/rc/clk?jk=309c43773f4e40b1&bb=HOKJ9Ws0wO_Eh7C8SCsnJ-bFrXcsK11Sm8p0dAZLQCRKPZ0La6KGmNqDaeWSe69kGEQlD-hg3izhg5aZNTPIm-UzVkGpfzFXyiji_OUSyKxG5bOcE49R2bzh1G4rEOpcrxOBdWMl6KoBGi-chu-BlQ%3D%3D&xkcb=SoC567M3s0NNTjz7tZ0PbzkdCdPP&fccid=a88b161f01b4a6d0&vjs=3,Indeed
Data Analyst & Software Engineer - (Python Development Specialist),AVL Maroc SARL AU,El Jadida,https://ma.indeed.com/rc/clk?jk=a889836ab65ec5c5&bb=HOKJ9Ws0wO_Eh7C8SCsnJ8BBi9v4Ht9soofmS7lRxVHqDQz57fcnskF_63lEPCNGeM6rkBIDUALgz5P-DisqTJaqcoPjVUZyX2jeVE_G3ybkjYLiBeJpF21zVSR_fTHPyEuUHmnWgyA%3D&xkcb=SoAN67M3s0NNTjz7tZ0ObzkdCdPP&fccid=a8128b0f1af14ed3&vjs=3,Indeed
Strategic Sourcing Analyst Project (Buyer),TE Connectivity,Tanger,https://ma.indeed.com/rc/clk?jk=3e02ad33f0c58876&bb=HOKJ9Ws0wO_Eh7C8SCsnJydyC5KrkOk3G9pQgt49ZZp8rV3McburWDy7zgiI7U6EefCdveqCK1h-H3LINpOK8zTSxFjZLo7JL-Fo8ZiZFTn6h79jKawvXJkh-WnO_1aJCpSm2oHN0o0%3D&xkcb=SoCQ67M3s0NNTjz7tZ0NbzkdCdPP&fccid=adb7c04d7caa1bd2&vjs=3,Indeed
SOC N1/N2/ N3,Devoteam,Skhirate,https://ma.indeed.com/rc/clk?jk=8cd26228b93126ed&bb=HOKJ9Ws0wO_Eh7C8SCsnJxz-WGku-xLHP6Uu3KJeAWj8A-oO4Otpko0HZHFeJ4xV8K3OytpLjwd9fMFA0qEVsTpaq6LgvzX7F1CZntL9_GWZuYW8NIFqtpp-XbpFwoI6c4YF_lC1AWA%3D&xkcb=SoAk67M3s0NNTjz7tZ0MbzkdCdPP&fccid=359a8b600b310a76&vjs=3,Indeed
New Markets Account Executive - Africa,Salesforce,Casablanca,https://ma.indeed.com/rc/clk?jk=c28504d47e301306&bb=HOKJ9Ws0wO_Eh7C8SCsnJ0fgUtGf3FDv_kqN_iYLczgMDjkcOFnKD4ZdOHz-TAIiGnLg5DsUUbAG-pw1V5xHouAnauJY9Spt8zQDU6wVFJ_B47d-UWBt2jcIQ6XMk4xWYEaxCU6UIQY%3D&xkcb=SoDN67M3s0NNTjz7tZ0DbzkdCdPP&fccid=4027cfd917e1ee29&vjs=3,Indeed
Ingénieur NSOC (Network and Security Operations Center) | Devoteam Maroc Nearshore,Devoteam,Rabat,https://ma.indeed.com/rc/clk?jk=d8a64cf76522c5a5&bb=HOKJ9Ws0wO_Eh7C8SCsnJxTpvt_8KW5cYFfQ0QgYqAgnEYiPF3UmsPbeoSBprBTOtnbKzMlM60jqsnLO3pX7M2AcySGdrw2Jy8ojyGG5nmrC3kyJkwzSEzsYDr04O2W0B4elphPqz1Q%3D&xkcb=SoB567M3s0NNTjz7tZ0CbzkdCdPP&fccid=359a8b600b310a76&vjs=3,Indeed
Data Analyst,ALTEN,Rabat,https://ma.indeed.com/rc/clk?jk=4e35ba5300e12ff2&bb=HOKJ9Ws0wO_Eh7C8SCsnJ8Ez3jiBtg7sYUwxnd_nSgwcZievJqWShMSwWHtXpQy8kEXJfvkQifV4dHNqb15lC2vv0Odl3Nhj58PjYNYGYndCjylquv71AA6iGLtjP817S1WOUMxD50s%3D&xkcb=SoDk67M3s0NNTjz7tZ0BbzkdCdPP&fccid=f452ff89851e4578&vjs=3,Indeed
Data Analyst,ALTEN,Rabat,https://ma.indeed.com/viewjob?jk=fedcba9876543210,Indeed
Credit Analyst,Credit+,Casablanca,https://ma.indeed.com/rc/clk?jk=563c4cc4b9d00f07&bb=HOKJ9Ws0wO_Eh7C8SCsnJzGNhcUNwdngylmhhFqokSg6G_i5yDjxl0RCh0_6ujwPvbBdHUsAUJ78ApkJG9MrhfpPw3YRNG1bKv-MkcPQ8a5ghyryx9MLqlZd7OwFAD2VFcBPdsvBSIk83BdpYx5j9g%3D%3D&xkcb=SoBQ67M3s0NNTjz7tZ0AbzkdCdPP&fccid=dd616958bd9ddc12&cmp=Credit%252B&ti=Credit+Analyst&vjs=3,Indeed
EMEA BTO Business Analyst,"Arrow Electronics, Inc.",Casablanca,https://ma.indeed.com/rc/clk?jk=f15522cdfef3b421&bb=HOKJ9Ws0wO_Eh7C8SCsnJ9x2H3_7VU8tA4jXmzFGz2A_FsFRxu52i90LlKZRC2RkOkgXlZ8vdzx1eDYlvn_TyJS3oGHiC766mvvq81-sxUfdrA5nAnu1GJpLBL-bDwMYuBO17HadvDzN1jlBXjKvfA%3D%3D&xkcb=SoDe67M3s0NNTjz7tZ0HbzkdCdPP&fccid=38ee0d4d719341c1&vjs=3,Indeed
Payroll Analyst for Morocco,"Arrow Electronics, Inc.",Casablanca,https://ma.indeed.com/rc/clk?jk=79f149c7860cf13d&bb=HOKJ9Ws0wO_Eh7C8SCsnJ7BcW-ax3GgxUmEpjYrTKBgBZron7l9cIGJijzFe9NsgW7BcvjgC1rD7miqEx8vf7mxKVNwJhCd08JDSuDsSf1lrr3yS1ANo-UFm3edWpGfXzxeqoTOhxV4RVoHILRHIIg%3D%3D&xkcb=SoBq67M3s0NNTjz7tZ0GbzkdCdPP&fccid=38ee0d4d719341c1&vjs=3,Indeed
